-- phpMyAdmin SQL Dump
-- version 4.5.1
-- http://www.phpmyadmin.net
--
-- Host: 127.0.0.1
-- Generation Time: Apr 19, 2016 at 06:56 PM
-- Server version: 5.7.9
-- PHP Version: 5.6.15

SET SQL_MODE = "NO_AUTO_VALUE_ON_ZERO";
SET time_zone = "+00:00";


/*!40101 SET @OLD_CHARACTER_SET_CLIENT=@@CHARACTER_SET_CLIENT */;
/*!40101 SET @OLD_CHARACTER_SET_RESULTS=@@CHARACTER_SET_RESULTS */;
/*!40101 SET @OLD_COLLATION_CONNECTION=@@COLLATION_CONNECTION */;
/*!40101 SET NAMES utf8mb4 */;

--
-- Database: `db_proj`
--

-- --------------------------------------------------------

--
-- Table structure for table `cart`
--

DROP TABLE IF EXISTS `cart`;
CREATE TABLE IF NOT EXISTS `cart` (
  `pat_id` varchar(20) NOT NULL,
  `p_id` int(11) NOT NULL,
  `qty` int(11) DEFAULT NULL,
  PRIMARY KEY (`p_id`,`pat_id`)
) ENGINE=MyISAM DEFAULT CHARSET=utf8;

-- --------------------------------------------------------

--
-- Table structure for table `delivery`
--

DROP TABLE IF EXISTS `delivery`;
CREATE TABLE IF NOT EXISTS `delivery` (
  `order_id` int(11) NOT NULL AUTO_INCREMENT,
  `order_amount` decimal(10,2) DEFAULT NULL,
  `pat_id` varchar(20) DEFAULT NULL,
  `order_datetime` datetime DEFAULT NULL,
  PRIMARY KEY (`order_id`),
  KEY `fk5` (`pat_id`)
) ENGINE=InnoDB AUTO_INCREMENT=19 DEFAULT CHARSET=latin1;

--
-- Dumping data for table `delivery`
--

INSERT INTO `delivery` (`order_id`, `order_amount`, `pat_id`, `order_datetime`) VALUES
(17, '700.00', 'ujj', '2016-04-19 16:33:36'),
(18, '170.00', 'ujj', '2016-04-19 17:57:19');

-- --------------------------------------------------------

--
-- Table structure for table `delivery_prod`
--

DROP TABLE IF EXISTS `delivery_prod`;
CREATE TABLE IF NOT EXISTS `delivery_prod` (
  `order_id` int(11) NOT NULL,
  `p_id` int(11) NOT NULL,
  `qty` int(11) DEFAULT NULL,
  PRIMARY KEY (`order_id`,`p_id`),
  KEY `p_id` (`p_id`)
) ENGINE=MyISAM DEFAULT CHARSET=utf8;

--
-- Dumping data for table `delivery_prod`
--

INSERT INTO `delivery_prod` (`order_id`, `p_id`, `qty`) VALUES
(17, 6, 2),
(17, 7, 1),
(17, 5, 1),
(17, 4, 1),
(17, 3, 1),
(17, 1, 1),
(18, 7, 1),
(18, 1, 1);

-- --------------------------------------------------------

--
-- Table structure for table `product`
--

DROP TABLE IF EXISTS `product`;
CREATE TABLE IF NOT EXISTS `product` (
  `p_id` int(11) NOT NULL AUTO_INCREMENT,
  `res_id` int(11) DEFAULT NULL,
  `name` varchar(30) DEFAULT NULL,
  `type` enum('Veg','Non-Veg') DEFAULT NULL,
  `price` decimal(10,2) DEFAULT NULL,
  PRIMARY KEY (`p_id`),
  KEY `r_id` (`res_id`)
) ENGINE=MyISAM AUTO_INCREMENT=26 DEFAULT CHARSET=utf8;

--
-- Dumping data for table `product`
--

INSERT INTO `product` (`p_id`, `res_id`, `name`, `type`, `price`) VALUES
(1, 1, 'Chilly Chicken', 'Non-Veg', '120.00'),
(2, 1, 'Aloo Paratha', 'Veg', '50.00'),
(3, 1, 'Butter Chicken', 'Non-Veg', '150.00'),
(4, 1, 'Paneer TIkka', 'Veg', '130.00'),
(5, 1, 'Fried Rice', 'Veg', '100.00'),
(6, 2, 'Jack Shack Burger', 'Non-Veg', '75.00'),
(7, 2, 'Aloo Tikki Burger', 'Veg', '50.00'),
(8, 2, 'Potato Lovers', 'Veg', '55.00'),
(9, 2, 'Spicy Chicken Frankie', 'Non-Veg', '65.00'),
(10, 2, 'Ice Lime', 'Veg', '30.00'),
(11, 3, 'Chicken Steak', 'Non-Veg', '260.00'),
(12, 3, 'Fish Fillet', 'Non-Veg', '320.00'),
(13, 3, 'Lassi', 'Veg', '50.00'),
(14, 3, 'Chocolate Lava Cake', 'Veg', '130.00'),
(15, 3, 'Bolognaise Pasta', 'Veg', '200.00'),
(16, 4, 'Death by Chocolate', 'Veg', '100.00'),
(17, 4, 'Vanilla Overload', 'Veg', '80.00'),
(18, 4, 'Green Tea Fever', 'Veg', '70.00'),
(19, 4, 'Hot Fudge', 'Veg', '70.00'),
(20, 4, 'Blueberry Delight', 'Veg', '75.00'),
(21, 5, 'Irish Coffee', 'Veg', '65.00'),
(22, 5, 'Basil Specialty White Pasta', 'Veg', '140.00'),
(23, 5, 'French Fries', 'Veg', '80.00'),
(24, 5, 'Malaysian Soya Noodle', 'Non-Veg', '150.00'),
(25, 5, 'Brownie Town', 'Veg', '85.00');

-- --------------------------------------------------------

--
-- Table structure for table `rating`
--

DROP TABLE IF EXISTS `rating`;
CREATE TABLE IF NOT EXISTS `rating` (
  `rat_id` int(5) NOT NULL AUTO_INCREMENT,
  `res_id` int(5) DEFAULT NULL,
  `pat_id` varchar(20) DEFAULT NULL,
  `vfm` decimal(1,0) DEFAULT NULL,
  `fq` decimal(1,0) DEFAULT NULL,
  `service` decimal(1,0) DEFAULT NULL,
  `ambience` decimal(1,0) DEFAULT NULL,
  `review` varchar(200) DEFAULT NULL,
  PRIMARY KEY (`rat_id`),
  KEY `fk1` (`res_id`),
  KEY `fk2` (`pat_id`)
) ENGINE=InnoDB AUTO_INCREMENT=12 DEFAULT CHARSET=latin1;

--
-- Dumping data for table `rating`
--

INSERT INTO `rating` (`rat_id`, `res_id`, `pat_id`, `vfm`, `fq`, `service`, `ambience`, `review`) VALUES
(3, 4, 'priya22', '3', '3', '4', '3', 'qwdeqdq\r\newererw\r\n\r\nwsdwd'),
(5, 1, 'priya22', '5', '5', '5', '5', 'fu'),
(6, 10, 'priya22', '1', '1', '1', '1', 'bleh'),
(7, 3, 'priya22', '5', '5', '5', '5', 'w'),
(8, 3, 'priya22', '3', '2', '2', '4', 'd'),
(10, 3, 'priya22', '3', '1', '4', '2', 'hi there\r\n\r\nblah'),
(11, 1, 'priya22', '4', '3', '2', '4', '');

-- --------------------------------------------------------

--
-- Table structure for table `rest`
--

DROP TABLE IF EXISTS `rest`;
CREATE TABLE IF NOT EXISTS `rest` (
  `res_id` int(5) NOT NULL AUTO_INCREMENT,
  `name` varchar(255) DEFAULT NULL,
  `location` varchar(255) DEFAULT NULL,
  `cuisine` varchar(255) DEFAULT NULL,
  `ph_no` decimal(10,0) DEFAULT NULL,
  `mail` varchar(255) DEFAULT NULL,
  `image` longblob,
  PRIMARY KEY (`res_id`)
) ENGINE=InnoDB AUTO_INCREMENT=12 DEFAULT CHARSET=latin1;

--
-- Dumping data for table `rest`
--

INSERT INTO `rest` (`res_id`, `name`, `location`, `cuisine`, `ph_no`, `mail`, `image`) VALUES
(1, 'Dollops', 'Tiger Circle', 'Indian', '9876576567', 'contact@dollops.com', 0xffd8ffe000104a46494600010100000100010000fffe000a4a5045472050726fffdb008400120f1012100d15121112171615191f34221f1d1d1f402e3026344b424f4e4a424948535e78655358715a4849688e69717c7f8687865164939d92829c78838681011415151f1b1f3d22223d815649568181818181818181818181818181818181818181818181818181818181818181818181818181818181818181818181818181ffc10011080100015f03591100551101561101ffc400dc000002030101010000000000000000000003040205060100071000020103020305050504070802030101010203000411122105314113225161718191a1b1c106142332d14252e1f0152433346272b24353638292a2c2f125d216739326830100030101010000000000000000000000000102030405110002020202020203010101010100000000010211122103313241135104226171233314d10200030101010100000000000000000000000102030405061200020202020202030001050101000000000102110321123132412251041361f0054271b1e13381ffda000c03590055115622003f0005c766f6ec64e167b62dd1cb636e7b8271edacf35d1d0f1cc0a4fc4d2209189820fcab83851e5bd3b40b1b4fa263885f46fa9edf2478a9fa7ad4bafb2aa441b8adef7716e015c60946e9452fb1b723dc46e648e48d801a9c64af4076fd6a231c9b1b9f16463e30e85898132540d9b96d8aa7c7fd0fdbaa3abc5a26d3dbd9c6fa570dc8e77e7460fd07ec22b3c525cc92448aaab192028c0cf4f98a29a5b173b1485ad07f691b13e38a6d4eb44c6515e8691ed5a1944284381cf1cc7feea2a6bb0c928b5a178c413daf65a8aca482060633bd5bb52b15a946835f404af664bbc834962c54060060637deb46cc68add12c29ad57ba460f5ebd7dd4698e9ad87b7ba06d24b6d195760cc07e618f0f1a284dd83102c9bc2e1fc5791a09392c6aa3547938e68db32fea281ba009a9db4aa13e94c5d9656dc2a49ff3304dc0e79a972a345039c4b86bf0d0ae262eac7191dd39f4a14ac86a84f754562d2b67208d58c1f8d1dba0f560c65e4ca23369df07bdefda9f40937d161189648962691515792f33eeae7749dad9d2a0eb7a0e2d6066d6c4cb8180be7ecc9f78c53ce55f43fd51bfb2ce38ce8d11a2c483a631f01fa8ac5b57b364bd244e3b71a98bb13a86f82403ebd4fb4d19d74371fb1811aa46aaaa117c00c0a9b6d8e82f73273b93d455a259d0fa3928cf893549a134c5788da7deedc853f8a9ba1031ecad633a66535c9143759bab75bc5cacf190b281cf3d1bdbf4ad13a660d725fd45c58defdeed839fcff95c0f1c573cd62e8e8c52e48aae212b349a4938424015bc3a38f22f9313b260388db93c848bcbd6aa5d0456cd63ccccd92b80718c9c0358deb6765510698e74ab28cee4e0d0a486eccf5fdaa890bc0356d961b7c2a94ef4cc271bda2acf2cd6862749cae7c36a10c1e46f4c47b3b628039abca803993cf34013c92395007b493d29051a7b8b999aca3915cea07493a77c79815934aceb5c9115e237a0050134f8f66d91cbf4a58afb1fcbda269c62ed092d0730370ac3a628c7fa1ff289ff004b93946803120a8d88e668c45602f2ea286e935c6b27773be3c4fe94a116c25349934e236c00cc1111b732a08dfc7aed558317ec3d25d5abea26cc90c32b8e9bd18b1f30370d01859a088c7a8e9c60e4f5ebeca5bba074d179c3b86f0b6e1a0cb186974924670decaeb7cb5a473c9d314b9e1f67070c69a1565973a58118dbf9158ca49c424f652f0f8a17899b4b6b851a4624edcf97ba949365c6492e84ae196555980c9e4f8f1f1f6d38eb44cb7b2305d496e3030f113ba1e5e7e9fcf3aa22e883a41338fbb931c9fb8db67d0f8ff3e54808f79dc898697e59c60e7cc50c695f65c456c9259eab89c31fd9246e3dbcf350e74cd1634c143712598ca2a4918e5b648a6d65d129f17b22f7124c752e467a0aceb7b365b5a253a5d5ec6893bb144ce09e9fad1f22887e87207756e20b64018b124924efbd3e39e4ec8cd8d41247383a97b99547fbbdfde29f37887e379164d080bb8cee79eff0ae4c9de8ed715ec6620773cc668716d8c6d76e829a42b3ac0e3249cf953a44ed9e5181cf7f3a4c682364ee7236de9f62a39a815c0df6e637c1aa51112efe927071eb5497d89ba29af516d6f44d8c4337765037f53ebd7df5aa76a8c269c5f214b7ff00e3b8b766cc44321c139c7a1fe7ce9bfda267e32fe01bf3fd6641fe23f3aa8f4464f216b3fefd0ff98513f16287922f9a439519e9b62b8ef47a0495d70159d467c4f91aa86c895216ed6046c99013d02eff002a78364734575c5b99a6692da36d18cb12b815bc654b661356ed0bfdd5c100329c8c9df951f22278b3df7420eec7d314be443e2152d632c3627db49f231f145ddcf0fe1f059e5225ed748e7befedacd72c8a5189465403b003d062af21511d34f2151cd069e4145ca5dcc9c344d9d4cd232e4123a54ca3ba474293a4152f2e5a22563c0c8c139d863d28f8dfa2b93f6745f4ac3fb24236ebbd2c1b17268e25ebcd32c4628c162a36209e7bfc28c35b0e4ec14d711c5732298d0e063395ce71e67d68c5d0b9a4c81ba5666feacad90771a4807df462c3f622626b4c9ed6cb9649caf2f0a2a416805e3c1a6258e30b1b6e146dcfff0054454852715d918dad485cdb332732749e58a752f63b8fd1e730951f768fb271cc3038c7ad5c7fa6393f82c1a4b78668c623ed00d4a46e4673b1ab642e8554e32b92036c7ba4d0c123dd89499a3d4323af4228cb560a3ba09059492ca7b352e40c9c26ac0f1a9c87c3fa09d4cb2aa862c4ff0087155a4ac9dc9d0d456d2f69d9bca101fdeaca538d5d1d11c32becb586c142ec5c93be49c563f2bf46eb02e98a3c7270f9f505ca37300731d48f03e5fc8db5ca8e6f96197f0b785229955e36d6a4641ae6716b47629a92b427c6e30b04440c649f956dc2a99cbf90ecaee0e4addca579f67ff92d69cde247e37996df9b48c6727ad71276cee63600c60e33e06b44b6485dc8c8cf9d3484798b6c32067e1401e1cb9d219d2d8c75f9d20083f236d924fe956ba265d9c73852a772467069a4c490adc43dbc6f193f98edddfe156a2d3b265b5452490b4f60e1ff00b6b53a483cf4ef8f8ed5a2d3b399ab55f457348643a9892dd49eb5a2546216c71f7e8b3cb353375165415c91637075dc4280305d632031c119dc73ae784b4eceacca8722b38c81d9c2a4b788cfd2964d903d140107e455c6c70a29ec8602ee42d015e4a4ee28b0a2acab7218f65218328c7a5001238cea1b72e74864a7599c8c69c7af3a3487c5b16685bd053521f06496df277603cbad0e483830ad6431cf03a51915fad8ebdece64de2065d597408d8c72e58c8ad2b652768bde1fc493b2d13c5a0f944f839f655a9569984e37b43305e401db31a203b83a1867de050a629465402e6e6dc473c8238c05018301bf31e5e74b2bba1a4d55885cc966ec645b5b794919ce02f41cf2075a526db2a2995975358ee63b28c6c763228ea31f5a1643b48186e172165fbb6827f2e1c30ce396c7345482d07e142c2e1e56bbd3a546c0b81cb1cb7f2ab83a629ed5a2f16d3849b9fc2b78a418e68ea474e99f5f753cff0066c8b951557d6f611caec6c0eedb0c9031ecf3ac64e57a358b4d6ca7bf74b611c71a05fda284e40cf4dfe7e7570bf66736bd092c71cdbc6855bf70f23e87f5ad366646628caa155d5d3f7bc3c2a629fb2e4e2d68bcb4455875c4f2224c01d0ad8e9c89e66b9b9391e5475e2c2b8db29adfbbc5221ff131f1c574bdc0e386b222fe4506e17039d7057a3d4b2c1108cf2c815692336c0dc429344524070791f03e3eb4464d3d04a0a4a99536b23f0fba68df1d931c3e3903d18791e47c3dd5d524b92367145bc52a635c7322d22cf5cfc8567c5d959ddad153c1f3f7c971feefff0025ad39bc48fc6f32e10777c4e7d95c77f477b1a0318e87c3953d89848f001cf3f219ab49d10c936e4691b0fde3fa52a19124f3f11cb9d3d0309080d96236f0a7a136d744a40bd9b1006749e7bd34c9efb26061b6d81cec2958bd1c29920e4fbaabd0d3a2a6f2316fc4d247da2b81d9bf9676cfc8fbeae3b54633d3b3373a76770ebe7d2b75d1cd254c258ff7e8b6cef533f16563f243f3093ef28421d8f22715cd1a49ab3af2a72aa2f387a4d361408d3006772dfa5358fa31945aec6af239a1628d229277eeae3eb552a428c792b2a586d824b1237181fa54375d22d417b3800539552be3b9e54b2914a1108c32a095db23040a15954ba40b7dcfce9532b44194eace6a19680c83c7cbe75515b1c83420bca3206e473f9d325aa45acb6f188878f5f0ab276cabfe8ee288c275e204349b6ad529638f1c2935d368e4e3fc3c61e3087fbfc8c7fcb31ffc697ea147b1c6472ba76ff91feab47ea3a67258b8ccf04ab24c0c6077f2b8db9f87951faa15302a78c2ecae48f2873ff8d2a88fe44da4e300eecc71b7f603ff00ad2d15f2fb641db8b4819599718dff0009576e5cf143c7d87cfec4e08af238dbb28b5264025535637ea71eb56a9ec87c92a1a8ae388b2602cada7638801fa5434932d4ad1269388b738980f38140f9526902bf457cab71713bca7bf213de3b55a6aa88a6ba22c976abde4403fcab4a90ee44824974a44a30e477586d9f2229e49689e327b2eac0a9b68d47e68c0561e06b93962d48f4704d4a14bd147f978b4646f8987faabad789e77fbcd0b83f78cf3c5701ea0f85c2e72726b433224292703bdd0733ca9343b12bfb6ed6132052cc99c8ea57a8ad38e54e998e68a92b4535cdc96b48ad9db51889d2dfbc840c56f8eece372d51ce0dfdf9bcd31f114b9bc4d3f1fccb803036240ae2b68f41a0c99e6318f114ed9230b8e9bd5a4c4da24738ce939f0a2856470da4777040ebe94558862385fb36700003db544b96e88042eae19b0338eeedd281eec2089d9320b9f7fd29a64c9a4140b6543f789235239768c3eb4d3665292bd15d7b0dbdfdacb05b49149201a9563607ae0f2f226aa32a7b0934f48a09b835eaa2011862a37218535cb1467faa442ded26b3bd8e49d74aaf33cf1b513e58b54386292698cf681a7565f1cd732475b2d6c6e0c0ec4606473cd524eec892bec2dc5d09e52ecc9e80f3aa76dec4924a90a7660229c39c019c2ed4e51f624fd1e00725539e78c60fc6957d8ef648ab1d3f87800e7723c3d69e8367748519d8f967f852d0fe4c0ef92840ce37df3fcf2a54bb1a6ec83445d40d4300e7f2d52a4536c2c11812ab348e083fb206df0a34436d879652e5c3bb101b03703a0f0aa931a4595df0fb96b682317ba1e30dadb3bb66b5a567329abb1736b78064f1572771d391a318be8771fa0d2d9de470190f146c7238c628945094e3754292dcb43c2a7796f5a494be148c6472e43da4d456c1b4ba29ff00a526539fe90bcfff0092e3e75588b9223fd2d286d5fd21764edfecd31b7fcd4601c9131c4da682769ae647fca00655071b9c800efcaa6507a1c6492165e258409f7db92be06dd08ff5569892e5628d344ce58dc5c6e73fd82fcb34622e431693c46466fbcbea5524074541ec39e75328eb48a8cf7b0715c408a42dd4c9de2dfddc1e7ff37955636a99319d3b436b7ddae01bb9881b6160453feaa8f8d5dd14e4e6fb1a314b25d4573a711024633b818237deb374ace8c716da67a706da7172a3ba7fb451d47f3bff00ee9c1e6b17d8655fae5ce3d14aec0dfab8391dae463aef5ba5aa392fe566971decee09381bd70ff87a8c782e63c632dd2aa9b336d267946e5867c334e84e42d757d6f6ac04ee54b0c8017391ca9c619746729a8e999bbbeca4532c19d0ad9048c6c4f2f7e4fb6ba96bb3925bda3dc2d8adeedb16007bd96a66bf52b15a91771aea72bb820ef9ae16dd9e8b1b445d27c7a55dba26862365500c871ea69ab2255e8aabce2f25bcee896aa40254166273bd545c591f2a2ae4e3d78490b144bbefa54fd49ad971aa309659267178c714689876a553ae140a751e89e4dbe4c2c52f12b88d592ed955b90ed08f954bc517b7b07736d74b03c92cfac28c9c127ae3ad38b4dd12f42f05a493c4b202403d00a25249d502b6ac6ade07b5632ac9226415255b1ecdbd2a73bf42684e4bc975102e26ff00fa1fd6b548ced806b8998ef34a7d5cd3715f409bf439137e2a83c86dbd72b7f4772bad96718c6e540f41509b2b43bab0aa492493459249f50c8519cfc298011ab5313cca8f7ef4de902ecea93a7af854d0eceee4f3c629d0c898cf68f83fb2391f5aaa04f670af74797514329128fbb9236279f9d0992d6f44598b163bfe63be3cf15520ad9727ecec3fef9bfe9aead1c4a4be8f7ff8ec3fef4ffd3468392fa009c0e3956405c8d0c47af9d37542525656def08b4b455795df05f48d2a39e0fe959b66948aa782c813891bdaa2964c75123f7384c7da0d7a3f7b41c7bf145b17040feeb196d0a58bfeee86cfca9d89453d226d60106a75655ea4a3003e14b21b85105b5864d9087239e90c71f0a76250be89b70f18ce87f4d0ff00fd69643fd40dac8282c55d40e64ab7ff005a7909e23b05ba7df1236c8c3e0ef9e46873d1a2fc7f766aef0a805b90e79c8ae696ce984b8ad95df7bb393f0da5dcedb0fa8a23069d933cb16a994b3d9f632961716e74b640120ae8cff87170fe9776b347313293a5720e4ed81bf5ae6947677ac9ab1c7bd8119446924e48d8c43209f0ce7c29a899b9b0e6e230c515092c47318c6d4ad0d27a33fc772d730e7fddfd4d38bae81abbb178ef65b7b08d232b80483dc077e7e1e75ad29bd9cb26e1a4023bb9ae2ee20e46350ce9503ad37c718ab1c3249ba2eadf0416df3d77ae5b3ba87931a7381eea136c2837ec9c64790aa20a2bac3cd28db691be7593d3115b15bc8d34a23033a80df03e75d57714724bc98e18488087316eb9da4539df1b60d28c5a76496bc322b14e1d034f22062b9de655ad297b0b3bc523b736727632a1e431da06277d87c292abd0ec5ac52d96ca15371186642700e7381bfd6938bb052d507d167807b72c08046943e3538a5d86cce5da2891b03ad6e9993ec05b2e6e106289f8b2f1f921ac10e411edae6747796f6eacc0ae9c900e77e550a85630720039006c3a9a2a362d93ed24299ca283fe127eb5a5a229832ec58b12a7231b2f87b7ce96487c5fd9cc6e3f118fba9daae829fd9e38008d5263c36dfe14b25f45707f6788c0ed3539d5d750dfe14f21281060acca159c6fbf7bc8d1916d68f2e9fde73ff39a3220288636c0cbe3c039fd69da5d93cdaecdad749c67a8006a853b4c9d98e68608cd71c8ccf6ba149cf6ab8c93e047d6a0dde919db8b19610eb22e244c824918c6dd6a5495d19345bd8ddc3070b8f582e34e08500e76c1eb5326b2a368f895d6fd9c7c495a397506042a60eb55c6403b636c78d5cba6443c8b512b4d7524129d511898e9c01d40fad73f1cbb66d2de8a5e18f12710eca347c32f7b59e5835bcf71b32c4ea5a2d2e649df4a45295183c947e95cbc526eecdf26ba624524fc5cc8ee1adc9196db24374f61ae9d98a76c0c4a05f83ff148ff00ba9367547a45f5f066b46cb03ddac9f42f466a0005e8072320838f655c539468c66d2698bf104d339deb786951cf2ecb90812391507742691939e4057372f91dd87c4b6823436b1e0004007db8acd32e4ac9cc3062c7effd0d52028b8c822e22df3dcfa9a643ec4231fd567ff327c9ab68f472e4f207663fad73c6ebfeb5ad24ff00527179a2f6d93720b13938e75c5747a14594318e477e5cf7aa4d91224c8b93841eeaa6c48cf5cae279bffd8df3358b7b0016cf1a4f376840cc911c9f0077aec878a38e7e4c20923ec224114658020be5b50ef13e38e5e553604add82410218a32555b51704e37ce363552625a1dbb92dda27d1206627600103af8d4d6c77a10b311a456dda9d26349038ff0036715722516293dbac491a3a0d2399841f6648cd676e9156515d9fc46f5ada264c0d88d57b18f5f91a5cbe2cd31f921d0a5a50a41ce6b9bd1dbd17168ba06c703eb8a8484d85e6360307a53a634d02619c7b395362d10d19c13d39521d858d47698c6e149e5e62a921584ecdb070befeb4a98ed0378d8a690338cf9d090d34019082b9ea7a6dd29d0db3c14e7ca912c7ec91086320d47a673b7a563cb2774707e4c9a6923595e988f50006e25312021751660a3dbb5008cc5e4a64b391989eee96f03f980fad4c77a3ae71a4853890cbcf1e96206773f0f235cf8ffd0e368042347098981c7718ec7c09a7c9a9a3a23e00a2612715824c7e70db741dd22b56b4cca1e4584593c4872de371f15ae687b3a6f68a8b23a38d31ce3ba47c6b77ff0099947ffa0d5f4f25b8568ce0ead3cba106b9ff001fc99ae7e908d95e4b3cda5c8c765a3d8361f335d925a39e1d9c1214b90579f699c7b6b368ed8bf8a0d3f1b9191a264400ec74a9fd697c6da3196549d3128713cca5588d9bae39035518d6889c9495a25c45744e57c36dfcaae3d98c8b955feaf31d4481a80cf80dbe95cdcbe47760f12dacf7b48f3fba3e559a3564e65cf67b7ed9ff0049ab4432878c00268fc97c7ce93115f1ff00769ffcc9f26ada3d1cb97c81d88feb83d57fd4b5acbc49c5e68d0dbc631b124e73ccd711e850e08f00f318ff0011e7efaa4c8690668bba08273fe63bfc69db25514172bfd624db9bb7ceb07d814f332a4ec189aed8278a38e7e4c3215658cc6762fa4fb89aaa15928e5496458e324bb6c06f4b1617611c3c723c6d90cbcc73c5307a0b1c32ca8cf1a3305382403b6d9f952a0061817d218139dc50d0852ebf3b7ad5a2590e1e337c9b03b37319e86972ba89ae2572458a460cc495181e58ae4b7477522ea0b6ed480aaa718e406dca88b6672a086254621d133e0403f4a7931d113145d6342074d22ab262714099220ef88d39ed91e429b9092d9e0b10d9e24279f214262682ac31153f80bec14d315005862300631a12770714ad96923c96d060b6800d2c9954466863113950c081cf51a6a4144e00d012d1e7076ef1241a89c54fb329e38cf4cd9d769c87a8022e011b8cef40192be052dee34afecf3ff981fa54274ecec7b8a273dcc5796b753a020118208c6080293f239dea2d15903c6786c511652c15c69cef82c7a567ca9e499506b8d152f7a219e268f05e31cfa66b64ad195d3b18b2e2e56f524b900ae7191b119eb53f125745ac8ef64a238e30c1483956dc1c83d6957e9b08bb993e204b803fc7f5ae7e0d4d9ae57f12bb8663efaa0f553fad764fa3087619862e131cc953efc1a87d9d71f02b6e3695aaa1e28e5c9e4c77860cdc4608c8d647c293eca8f806e260f6e7d4fccd52eccd9696c731c99ff1107da6b9b97b3b707897b62b9b68ff00ca3e559c7a2e6e825c26958f38c6bfa1ab214accef1bc19a2c0c6c7e744871f656c5fd84deabff0095690f139b37910b119bcf77fa856b2f127179a34767dd39d3900fef1ae36e8ee7b2c10060e00c066cf3354990d551d3807ae46ff98feb4ec5c6ca194667720fedb7ceb9a5d8fd1417a3172dea6bd0e2f14714fc986b6feca11ff149ff00b6a9f623bc1e1137124d59c277f96796314e6e90e0ad8d5d926feeb49cef8f72d4fd04fb2e385301c36f59b9093ff014204505b30370c072d40fc69cba241dcfe76f5a108e70edaec9c67ba6a796b1d9ae1f3545844e45c677c799e95cfa3b1d9796172627d44272c6e48fa51ae8ce716d12b9996497568c8037d3bd0927ec69b4ba205c82311bedcf75fd69e3fd072fe10ee1662c1c0e83413d3cb355893c889299c02c7cf491f4a4e235244d5d5772718f138a1261680eb8bb18d7b540c100d248046d438b638c923ca77fed17d350a9c595cd1375caec739c0f5cd3a1f2541842c8a18a90396f54919d9acae938cf500464d97340198bc5052e07fc37dbd01fd2b35db4767fb10287835d4f14521b8d2ae013d4e08fe27df578a4cc24d37b22df6624464225d59d98a8c693e3e756e999dd18cb9b6782f66b700b147651b73c1a912560371e54016918fb9c505dc7aa46652718db7ca9f91a249354546d3b43934571241149d939ed0861a7273bd734238ce8a94ad50bd95bcb071188381be46de60d7449da221d9d2b9963cec02a64ff00ca2a1f675c7c058dbbccacc9033b019277c60629c74bb329ab7a4316704b198e792231a06d449ea39138a4fbec2fe3d13e2bbb86c01ab51c0e5f98d5aecc1967643234f30463c398cfd6b0e6ef675e0be2e8beb72608957b26200036607e78a9514ba1c9b6f612473220fc275d2d9cb63e869e24c5eccf71dc76b11f23533ecd605644bfd5e7f55fad690e8e6cde406c3fbf7b57fd42b5978918bc8d244a02ec0e49df73b57233b8686a1921f1b66929589c741b4649efb7aedfa55d8a8a3719989e9a8fceb965db0f450df8feb4dea6bd0e2f1471cfc825b8ee41fe76f91ab6403b0bd5b29ddda2d7a974f3c6371fa5392b45465c5d878a5ede59e50080cc4819ce2a6426edd8e2f1086df86dcdb92ddac9264003a695dfde29a40988f0f5324eeca090304f96f448446e7f31a5111ee1e40b9249c0d27e953ccae26d81d4c714666f95737a3b5b45a47c86e71fced5361a0b8c8273c81f955aec97d062e012314310376cae3950d8d23cac72a71b8523e229a7a25ad9377653953be3966804911595810751c75de9d94d1c99b54aad90c307975e5458903fdb53a54b7860516c5486646499557420f351a48f755e4de992925d1abae838c84b22c51348e70aa326937402d6f7b0ddae10e1b3f94e338a13b560d15779f9ee063621c1f71a95d9d51f01fb3beb316708fbcc2a446b905c646c39ef5acb726733ec8371ab355c963e9b7eb5342dfd18de353c377762e614d248c49803639d8f3f0c7baa648d31ff004147650f11982a2b19738c2ed9f5ac54a71d1b4e317b65fdc700b86b082084c40a6aca124019f3ea6b456fb32e693d05fe8c996c05b0824ed02804b38d2db7af2f8d18ecc9add952bc06eed2733cabdb2a6eab1ea241cf9819db354deb4546bb236fc26e2e80b89184312851ba92c7000d87b288c6ddb2bf6f1543b35bad8c51db985a442fab53807bd8e431d3963d4d371ae8233e4f655f10bb58ada145cf781009fcca06d8cf3df159a56eca93ad14f2dc1995549242ae066b4a326cbbe1a4fde7467fd9237fda2b0e53ab06d1a9443a060f4cef40dbd9457bc66e209b4411c4c9d4b1dcefd0676ad1411cf2c9bd15d7b7ab7a5085d2cbcc676acb9234ece8c53520708cc736fd17eb550f130cfe42f68317f8f35ff5ad6927fa938bc8d25bafe1e4b3733d735ccdd1da958d463503de38e5d28542958719cf75811e62ae9116ca56c6bdbc77ae37d94ca7b88565b8935485483b77739aefe37514724fb3a23ec5edd4386ef31c8cf855ddec8126b0b924908083d7501559201ab58248636590609391be693db013bb43db16c1c13b79d52e80778448d134c08fcea06feda53103b8e67d692604f85ff7993ffd67e62a79bc4db0790ea20372c0aa903c40ae5c9a4767145805509b83cb9648a69b1710b1aed9dc03b6c73f3a6a42e364d8077fccdcfa63f4a769fa269af64846581cb28c647e43c81f5aaa8fb27e48898db2b828d81cb71e1fa51fa87c8e779492c89b6f8d44fd28514c7c984d3d7b373ee3f5a3143e601f3da7e4900031c893f0f652712eecf07424e4953cb7ee9a54c4ec3c48b962349cf9e77f7d349912625c3b8b5d5bcc1a5cba120361b23df5ac5a89cfc531ae3fc66296ca0fbb3e4485b50e44631cfdf4e5fb74419d82fe58a5475620839157c6aa48766c2e4977d676d601e7e22a64aa4d1be3f1a620200bf95540c6da540cfc2a2d9a718fd11652a402063d28b63a89e82217370914eda636d9b3d4785571f76c99d28d96b68bab88cbd94291ac788c103f67a6fd7f8d4cdb6f6737a2e4f746d4dba4481772a47526b172652564da4d2338d8d5c6560a36543dd76b78d1b4834a2f782eec37db9574f1f44648fd09716b89ed21494c0402d84046a3eb8f1fe14e4fe894a846e784cfc59964732421365694124af860ef91494584b24568a9bee0b71608ee999e3fdf55e43cc53a684b245e90cf0d9234ba32cb91108132c4723a00f98ac269b3ab1cd246b2d26b4bb8b5db4cae3206c7047a8e6295342e7664eeb83dd37119c41148e010030538df7e75b2e8c5a166e1d7b04ce24b69473dc23103db8acf922dad1ae1924f676107b39bc469fad443c433f902b0c371119e595ff50ad65e24e3f234f6cbf879c1e7cf35833a90d469260919db9e46d496c4d86019724907d98abd136ca32bf89bec335c2d6cd1b282f8b2dd3e9246e791f3af478fc51c72ec2419736a5892497f90aa2002dfc839846f514f0403704a6619c0036e5eb52d53022d7688ed192c08241f0a6a2c03432c72b8d0412399c60d4cac01dddbb2409367baf9f61aa4223c290b4f29040223ea33d454f3563b37c17cb43d16f3e3206fe95cad23aed8f8cb2f75727c7200f8d5452fb1727f44e3d934904798071efa7837d0b9a4770bc848bcfab0a7830e710b92532391c9ce450d08885246cb9f650227a02820ec0e07c698339231c9d04e338e540d1e1961b9ce79e68451e42dcdb90df7a13d8a81acae230339200db3b629d8b4d998e1dda7f49ac7827720f98ce2ba124722b2d3ed0d9411adb456a844809d436eb8e78f4a34998c24df652436972d2a8d0dcb3b83fa554654d3344cfa112b32ab26090a338e9b565269cacdb1bd00311c13d39d4b566b62ceaa491da28c7852a61685ae17b38c90411d49a4d3f41cd0ff0009ba7ec0045d470cc7279ef8a96dfb3196d96bf7d46504a3019c1cf306a5cd3170671d8b381cb1caa0613f3c6171549ec3ad95d696eb60f2de5d3e64624695dc003383e3e7edae94d244b6de88bf148c4d182353c9a8aff854637fe7ceb5e18e5b673676d2d0c76c4806ba31386cf49729142cee40006696234dbd2303717725cdf4b2a6046c480be5e9e3d6b9a5567a514d2a1582e9ed2ed6780952a723cc781a067d66d25fbc59c33e9d3da22be3c3201c50018e28032bf69ada3863375180a64c2be07339d8fce9509995e1c73c4a3f361fea144968b87668649cc162ee8a75eb381be39785735d9d5eecaf9afa54844ceac2620024b10548df6deb44b748c9bd5b459f08e226f2dda37d3dac7cfa641ebeff00a50e341195833cfa6735c725b3533d7ffde9ff00cc7e75dfc7e272cbb612d79db796afa53641538ab02dec062dc1f3a897622bae7fbd4bfe76f9d58c6f867390fa7d6a24059caf9e19d9b0fda241a95d93ec53856034e4903ba3ad1caad1d185d31d840331ce0f811eb5ccd68ea4cb28ca95dc795017ec9a83a79ec76da9c42491d0cc3607c8ee6a9364b47015d5ba293e6053c989c513ca86c90796ddf381f1a7912d24755837fb53b7eee0fd28b42d9d24e40cafae9fad3b468a2c1768dde508300f30db9f651487b44882518686dc10338e7efa147d89c8ea21563a54effbc303e3462c972465ccad1ceae50ab30d5ab7c907c2ada660e54a91dbfbc7fbb0603bfab67d5923ae7d69c7b322ae369077bbd9cf3ab19a7e177f2cf0132381a363818cfb6a25a1168b74ed9098046db46b9f954b9b348c791e6b8bb2bfdea51e4303e42a7e465feb4565cdccda955a595b277cc8d9f9d4fc922d628b1de12fd9cc412480597bdcf1b1f950ddec89c78ba2f25b70f1b329c0239d6528e849d03b7732c31b9ea07ca829f63583a58671d46d4c933bc66f5a2bd58b4b3269cf771e7ceb4a935a2a3c57656c4cd2f1381f4b22f667f30df1926bb389a5148e6cd1e56d172f3a8d099ef372f0fe7f4aec4bd9e6717275112e211b5ddb1844ab19ce77cefe5cab9b9b962f48f570fe06587c999a8aca48a69639f5282b80dd0d72ce75d1bc313ba6876c385f6b750ac842c4a03c8e4fc3e95509644648a82d9b33c76c6de0c8497b0898445c01a41f0e7e156d51926726fb47c242ed78091beca4fd290328f8ef1db0beb26b7819d89e474e00f7d3028786143c4202339d4339f5149f4547b34b0c497166ddddd64c8c7a572bd9d7d3013f0e17cd92851d0ee49d8f95542e24c92996161c3e2878c453a361f4b0651c88f1f955c256e88cb0495963c6ae60b7b6efc49248db203cfd7c6b475ecc2dae8c75edac465cac9de6df076209df15964d746d08c64b612d6d631112f27e2441b098c677f4abc88e0ae8a0742ac548dc1ad0cde8b6b218b453e7f502b3976054dcef7121ff0011f9d6803bc346031f13f4a890139256ecca1e542420bc28ed71be361f5acf9fa47460ed8c4043484901b7ea3358b6d1bf14fb2cb25718cefd73c850a57d8710eae74fe6209df98c55aa25a6ce8e5a432b67c76f86f42481d959c46f0db4663894ac8c321b0302ae3057644e748a17324a75c8eccde24d6dd7473b6d9e8679ed9c346ec0679679fb2a5c548716d746aecee05cc2b22f23e5d6b1c6b4ced84b92b0ba4152700e49a01f61007c6fb0f134910e83f74a10c71a478ff3e157d2115e12da7fb368b3e80c158231e61b2718a7c8dfc9a39bb4636693121407214e33e35a45508e035422ff0083b23c654228700e4f88daa65495b2e3072e83a5d08a59b249008200e959c96ad158f4e99e7e22b83a158ede159236a6575c4d2ca41ecce01ce714d25f6546d3e8b2e1b391c52156c859371be79823ea2a63d344e65bb348c098648989eeee37a97d18a676c73d9463aaed42e86fb1d906c7a1208a108c8c1c427b8b68c4b1a49d992aed20c6f9e9fc315d9466d8bc774b79c451a3598908fa83b6ae98c03e1fc7d6b4e35fb22324aa0c25b2491dedf4b2bfe18999557fc59dff009f5a4e6d47b3b7f130a94b99c92e30c37dcf2ae472b3db50ad09dee6584804861be56aa324decc3f2b0b9636e3e8159b5fc913c704134e3912a87bbb72cd742fd7a3c07f2db1b963bf8387a42fc395217951b3236753721919e54376090ef080b24f7e973676e9246ea34a46b853dece3dd4d2264e876eb45cc3f718902bcbdd1b81e3bd3690a2dd997b181edf8ca404e1e327560679127a7a5672e8d63d9a3b10cd1c8a236ceace0039e95ce948ea6e3f613b4b7b68c35d5d34131666d3a4b90a4e402072ada51b4631c8e2c3d9de5889fef104cb2b1eeb1cf780db7c1e43d94a31c4252720fc5ad249523ba8ce5d14a9cf2c78d3bd1095ba3370d8dcfde86b4df9839fe4d45decdaab48d25a70982398abfe2165d4588c1fe73f2a71de8cdbf625c4becf43a4cc096039e36207cbe15af4b4437655476c234ecd73a472c9cf81f9d66dd93454dcd8cddab3850e339d8e0fb8fd2ad49013b3578d0f688c8d93b30c74a52ec00ca79d3f62256d2c96c92001409307bdbec33d3db5334a4691938f44edaf84770bda01a49c16ce31512e2b5a34599fb346a85d4ba6ea064efb0fe76ac947546dcbec96fa88231e0186334f1687c933a14839200c6d9a01b1848ad9d48ba8fbafb2330ee83ebeeaa57d9127bd190e270c96b76d0b6a08375cf515b4768e7c91a7a2bf5926ac8359c0066c0860482e718246d803e958ce5523a3127565a08422f70960a70437f39a49a668db67b51c10a118f8e714f42a3b80e186861b01d0e39f9d0e856652495996385bf24796c7ad3e4d3b2302bd956d6faccae8c3b877079e0d527a56438edd0e58d935cb0d24641dc1a6dbe9028a4ad96e2d67e1817544e54b926403231d33e159c936b6690945691cec94f1ab473868a67018789cf5a7c5b4d3272aa766d96c2cd795ac03ff00f98fd2ae911c9fd8416d02fe58631e8a298acc9df41fff00a54190a15b529e9d0e2b9e5a93348f45f49a937203676db9d6764d1eb48846f85503037c0eb4921b63170e1028cee69fb046478a0b5168b1592f6f24a0f7e3206cbb9d43c77e95d864d0970b85e0ece7118cc632ca3196d408193bedcaaa2e99328f28b41eeee918b8888c076277cee4e6b0e597a3dffc1c7158934caeed019403b677acd2d1d4a7f249fb19dc2e41dc0cd42eecd65d51a0b526c2592380ef33769cf3be37cf8e79f4dcd74c24a4cf97cb171d9697d15bdedaa099c48a872741c02c3e5efa252a14636635f84f6d7d3e979162d88627627c33fad54649ad93254e8b7e11f67fb199a772d1c8a3b8c0e704f3a255438ba763a785595ade35dce26967627043670318fe734a324f484dd6cf4b78d616cd2e827581a43372cf5dcfb71e54a3d9529268c4b5d33ccc75b609e44d550ac148ed0dc2cb1314707208e86988fa0f00bf17fc3819301949471d09db18f2f2a8e9d0fb1b582286408aca1892464ee6935b2d4f437020552dab516dc9aa8aa21bb25232e8df041aa11f3db88a3b5d4f15f846c9cc455811e5b641f8543dba1d08ade4af2925f3b83e191fcf5a6d6890ed32c8bb6c7c2a405e28bb7bb861ce3b470a4e390aafe82ec66ff875ec61a431968936c8e83d2a6324cd678da29bb3925d5d9a336919381c8568665a70ce313da62263da458c15eb8f5a89413d94a6d1a58a58e745743a94ee3ff5586e2e8ead495a26704905540f0e5efaac98a92e8b5b29a2960eca4d0c53700aed8f1abbd18ca2d310bdb7b7bab9ed18025574a9c7e5df9d09fa3548cb71db4d17c248a23a5d467036cd689d9965851a0e1f6ed6bc320590e93ccf4dcef8351383ecac525543ab192198e307a1159a45b902d257001e5ce81d9366c1ee8e5e5ce8b15197b7816e6711bceb0e570188c8cf856f38e4ccb14b8c1b19b1fb352cd2bbcb761622700c60e5c7b40aac6bb32e7bb35d65c3edace111dbae9c733cc9f53412dd8e8d971814059168629305e35246e0e3707d690ec1091a0b84898ea8e4fca49dc1f0aaed07f072a4662fed2dcf65c52236eca644019c63383e7ea08aca695db35c716c7ece4bdbab759ee1911f5655029fcbf3ac9a5e852a4e916d162288b37755772734892b9a669754ede1b790a12b63e8cd7f4b442c15921484b392c8aa0824004e3d7239e7957535ad108ad1792a28954ae25665645e58d8d096a86dece3486269976ceb20e4676cff000a1ab66d0cae389a8bad9d60011a5c1c1ebb5463b3b23f971695f686c316554504bb838039d678d6d9db3fcbc6f49ecb9b79ede18a34943cb22f424e09f4a8536f48f332422ddb0371c6ee2ea5586144183f91f6cfc47bab4507ece694ebc43c57f765d8abac73330529d9921479126b4492da336c6b87cef1ca4bcf3cc59b0daf619f11e23d3c2b3e58b92a1a6312dea5c680a840661b36c798fd7e74b878f040dd99afb47c563bcb916f0e4c709235676635ac22d76365182093b6ebd6ac81bb6b74bc8e72ac75c69a801b64e693745a566e382f0b4b5e19f86eccd21d473b6f8dbd2969ec5d68725872a23ece3ce73bae067d949b698d53423345750232a25c1ced91a5bdcc7a7aef54892be7e34f67c345ac699bbc95c6eda57a13e78dbd9e14c0c899c484eb2724f3f1a6200ccd13aba9c10720f9d2034dc2a08b88d9b4d72e356bd398d00231e271d7db59d51a762179c3e64998db23cd12b7e64c9d27c0e06d56ba21aa669123115c8952ee768081dd273abda7a562d1d518dec4ee161595c5bc2aaf2e791c69f3f9d4e74c728af4656ea28e3b978e3c95438cf9f5f8d7445dab672cb4e916fc22f92dc0826d94924313e38dbc854ca09bb2a192b469ee8ae104614e95c31539dfd9bd64e34b46b16ddd801f78d05559e356e640e7ef14a37748b957628d2a5a4c8b23b90dd7638f5c72f75744b8b568cd487e15130edd89ec57cbf31ffdfc69423bb09cfd0f68931ae5183a72304e9e75b2d9090b3810b36110a83cc0c1e7d48aca71ada344ac889e23261ba8dbae3f5ac32457092e889600e35c79f3db14681b32aa35cb1478d9dc03efaed8a57670dbe8d9dacbdd03962a593658236d525584ced40c90340ec438c29360cea70c8411f2fad38790a5d5838b8aa8e16d732eed18c328ea7a7be8e458b2e3f2e8cbdbc6d7b7cd3dcf799d8b36e46dd07a6c2b9b26d9d124a31d1a9b6d0d0a2b61980d891bd4b473bec0dc1fbc4a2140da14ef9eb5252187b70d6ec801c11b9eb5a423bb03370daa0fe8b56908631b0656fd93a576f856ade98d7681f1382017d02674828da48dbbc31bd287413abd1413ff006f30ce7be7e66b4127f16830b7ed215653838ac1f238ca99ebc7f0e19b1464b4e8844cf6f302a70cb919f518fad6be513cdfd2f1e6e03913ce27d512ea04eda8f4f0f766a718c741979425c6458da7069ee5a4b89d23d58c00cdd7249276f3aa724733653f6ef6773245710eadf75d6719f1e7477d0fb2d2d66b29d02ab32316c85662054494a854cb282c99d7444afa806c36b385246c719acfe455b1a4ccfafd9fe26cd27e005d3807279fa78d397e442268a36237761736440940c30c8607218795690e48cd5a25c5a27c2fb549cb46501e4c1c8008cf2deaa41175b3786f6d0db0805dfe5e6223be7c36e550aea84dd9533359cd28ed45f1553b309867d704d5d326d1d838ddc46e543b3a722afbb0f3f3a788f97d8099adede19274769259ce753004b6fb8f2fa7baa3766f714accbca84b1708064e715663647f674e0e73cba62802c780b959e440d818d5b797feeb3e5d2b2e0f66a6d7877dcacee2796e5a3bab81ab28765ea36ebbd2ce8145c9d9987bfbf49659257131071ace700efe1554a635294342eb3ce58cb2484336e0e294b8d5690e336fb6284e642dcf26b45d193ec2e3229925c59fda09edadd6075d617607ae3c2b3942de8da134bb1a5fb40ae47691b63ae288c5a654b226a866e95e67ecd53b4057528dc907cba1f0cff0ae95d12abd96dc35e59b4c6f0ac50c3820293de3d3d47d6a1aa25e8b3bc70b030254123604e29456c22b6652f2fe44b868c29407258fa9271ee3ceab9254a91529569083f106c1412103c01ae5c487206b367ad52440b8904734521380ac0fcabaa2e883516cf87e7cced4892dd1b615234c3e76a919d068181bd447b39750248427039f2a06646155b9824565211c03a87ec9e86af95e95863d32bafa0649a485a689d554306391ab6cedf2aca292d9ace56236d7f7564daada664f2e60fb0ed54d27d905859dddff0015e2704124ec50b02eabb0d23739c73a9a48a5b66f8baff27159d9a508f10b7fbc84922d3dac59d218654e460e69a60d18ee3b6f341d8194a1396de30401cbc7db551af46722ba63f8f291cb51f9d592396d728916961be362dcb3512826ecefc1f9af1c78b177de6dd8124f3c8ab4a8c27913cbcecb6b1b94897bba5986e7ad4b5f6736494a726d92bbe36e57119d27c4534910a2ca09e632b9763927ad3344a8b3e05c224e25701df52db21ef372c9f015972f2a82292b3e8b1471c112c712054518000e55e64b96decba25a8566e6145271db38df874cc912eac67200073cf7f5e5edadf8272c96c7e9a3010234efb92aa3766af50c5b2de399510220d007214c96741791f4a02cc7a0dcd1742a0722b06c3ea561d0ed8a7763e84e691b2a9ab65c91bf8ffea93d95e8e2ea3cce734088b260ef40596fc2a2b458dee5a5d33007662001e9e7587237d1be38a7b1996f27b9104089208d80065d270063a1a5186b613c94a91db882d1912ce288c6cfdd2cd9cea2460f9d6b748c2d8b711e16f6f668c65522342771ccea3fc2a94ac74674b122981f45fb3b6566bc3629d235795d416723241f01e15cee4db6997d191e336df77e2f3c606016d43dbbd6e9eac1ad8bc709607634d493151f4692df164700ebc139180d8e67040a717b1a7b23c390a0d8054df6031bed8dba75cd396d8e40ef6e4392118f2d803bfa907a5545515155dff9ff00e98fe2a855d664180db1c72cfa743e54b915ab14d595a2419ef5634cc82aca9e5ff48a3622171bc43c8d6ac98f616cefa58df25d88db6c9a131b56371f1eb8825727322e48009c637a561c431fb51718da041ed34838a203ed07127fec63073e0a4d0148f7deb8f5cecb1ccb9f0461f3a07a04bc3b8b31d2c0c43fcc17e552e48b506f6842ea092dae9a199959c28c907237a69d92d5684698cb7fb38ea9c61037ed2903d7f91532e8bc7d9b82fd323df5859b713dcfd7d3f4a605471548e44786e5c766ea5e37ceeac06e3d08c5690768ca6bd98d91834a48eb5a191c19c631b7a81414a5aa67b38f679d027fc206460d9181e940a83944b800c674c9fb87afa548cf5a5a4b737b15b05219d80dc721d4fba894925607d3618a2b5b65b7846958d700578bcb37295b364843efce3546df9c7c4788a84b766ee0aad008ef1a494a8075a732df2aed8c23467560aef89958da19915d1c6923c41aa508a7fa89c7465114431841cc9cb7ad77a3959077c72a282866d6ee6b78f543232b373239e3c2bb3878a2e372329cda748d05971282fad9e2e26b1bbc632ac76c8c78f4ae4e7e3f8e4abd9be2f9ad98e91834cd8d874149033a24298a62a0e5f5479c6334ec92f3ecff000cb4e210cc2ed738d3a4e7041df38f854beca34b125a5a3c1679466d00264e1881f3a969761b179e0b2b8be8425cac32c2dafb33fb5cbf4a56e8b7121c66d67bae1f24109899db48ce71b039a51fe8dd5195bde03c47ef4e20b26310c2ab2e30c06d9f6f3ad2d106abecc43756960d05dc2f11573a73e071f5cd61c95768a5d155f6b008f88dbcd81ba907d87f8d690dc681ea98a41770600652bd285068ae699b5b82e2c91bb3d4d81a940ced8deb48ff00498d5ecae8259bb3ef292398d8e31d371d2af452a15ba94b029af50df6075e7d41c1ab4575fe57fe14b759b984a46a1f4f221c13b74e79c7b334a5d51327e8a12707041cd634644d49ce314007b819b76c79569221762f11ee90791037f03525967c16149b897672aab774ec402339a1132e8d945630a0da351eca6676c2764837c67d6815878c28e82951498871241da4732060793329c6db6ff1a492bd94e4d2b464f8d2e6e6398b64ba953ecebf1a78d0466e5d9498da91a06b598db5d47328c9439c788a2ac22e9d9bd8e759235746255864106b95e9d1d889ea53b7d290e8a2fb4ef886d8fecea6071d46dfa56dc66195519a914c57053182a7ad686234af6b32e92a2de5f104946fa8f97a531c64d0b5c44f0cc51c61873de8096d836c6062824e151a76e7400cdadd5c43346e1d9406c6bea33cf7f4a4d263b349c1b88cd3a48247625186327c73fa579df9b049a68e8c0eed31b79ede79bb3570d28cec08ce473e993efac171cd4726b45f249d26231dc012dc499cef807d057447490eb654dc5c996e06fcb7ae9e3852b32c92a542cefb935b1cc2ced9e75431889898c778800576703d766193be814eeca415276e7d2b1e7db35c7a4014e4e7727d6b1283028c37073d37a0031ce001b8037a2c491abfb3cc23b35df7393ede9f4ac5b7968d12545a5fdb23c66f24043451b69c731b1dff009eb8ab5dd88c5062f790fe202ba80c1c93cfcea5936cdb70f64fbac4d22e580e8bb525d9a25a1b827d65d3560a9dba6d4a4538d133da039ed571e0454d0f5f454f18e0b3f1530b2cb1a7679e79df38f2f2ad20dd1126ba29e3fb2dc41655d734063cf7b0cd9c75c7779d3f9122389a8923b83195d21863f7b18f78355f2c4d557d9c364823d47486eb951f4a8f99df44b56ccdf1099a39b4310c07efe481e8704d74c649ad0538bab1781831224109f0c2aa03ed20531d27b8a16e290a1ecdf490c472c2f21e18f5a89ad0a90312c03b37b750bdd01801d7c6b9e57d3358f1ad0bc9bc4c3caba64712ec8d945db1953f6bb3247a822a7d14dd05e1b702c7888965070b907dd44583da346df696c93f6646f403f5a7a278007fb53163bb03b7a90295a0e02aff0069e527f0e003c98e68b1f00478b715be5290c6cca460848c9a45522b2e0dc39569c92390c9e54dd8935e84e9147280345c06f366b491b6fcc993ef1fcf9d65c91f68df14bd32fc381b7c47f0ac0e8b293ed2926ce12411893afa1ad788c737a292fd0ff49caab8db27dc335b239df628083401ec531122ee400d23328e409da803dded1a949d3e47952b034b122c1f64d95bf3ce4be0fc3e42b9a52ffaa468a3f16c578002f34ea067201f9d4fe6d629b2b03a6233ce6db8b4c725712b7781dc6e6b78acb8d2fe19bf2b0b248c20d41b503925875acfe2a91bac9a125380589dcd741cedd9063914c40493400c5b1ca91e06babf1b768cb21374d79d476f0acb96772a3484742802f69a49dab218f70eb592eaf638114b2bb0d58fd91d4fb0526e90fb3751f02b336ef12e54f204743e3e758a7f65cb5a2850c967c47b0931ae360320060474c13e54dba26997d7b7817835c127bc50a919f1daaa2caaf6636340f2ae963a89c019c6f53b22d17f6bc49224d123609e7818c7f3e5424ef65a6921de1b358dd5b8ede4659f5313de65c0c9c7c2ad242726738b8b45b78cc53396d58c876391befefa6e3fab052655477f7f04644573a93a2bfd0d641fb37d06b7e3f720e99222c7965587c89cd2a2d648fb45cd9f17138398663e884e3dd49c44dc5f446e388eb6ec9032b93801d48ab8a2e2e28ab9629a16264ee39e652e4a73f5ae88b55a3395830257dc099fd34cd55a16bdff00d08358bf10e2b0dac6fd89542ece62d25467c073df6a5306fe8aa4b5bb9d89b689a45ce0951819acda574c8e541987748f2ad1a3342f69308640e41c1041c73a945b44ede34b8bc58d98aabb004f87be84ac3d1a04e036781aa466f434f133e6c662e0f649fecc1f23bfce8a1726391d95ac6469850792a8a285c990beb94e1f68f217d2c4698d73b93e3ece74994ad995ba6cdac676c6ae9e86ae7e858d536561e67d6b33638680271bb46e19490c0e411d0d006cf875d0bdb512606b1b30c6706b9671c59db8e7c915ff006897ff008d4c1d84a3c3f75aab8bb33cdd15b7683fa66e813f96373e3fb15b47a319763bc012dcd9c8f2a465b5e32cab9c607522b2e56d354698a29a76577168a18af4880008403807201ad20ed19e4494a91d965b56e0d0428aa2e55f2e426091deebd798a7bc81d712be3768db2a7d9e34c91f9b883cf6eb1bb6342e903cb1597c4b2c916a7aa0bc16568af24d0092d1e361e62b3fcb8a943656075213bf19e2336beaf935af17fe6abe8897930397b77fc36ee9e86ad3b5b09469840f14a39764dff69fd299075a252abd9bf692124140bf2f1a602ec854e18153e06802711299206475ad38e6e0ed13249aa637a73b566f6ecb5d0b7ddc3312588dfdf5ac389495b66729b4fa34361c5fee102c56f6b180399624927c4f2a25f8b14b2931acd7a48243c62f56667575019b3a348c563844d393602e2e0dc5dc939d2b2301baed82063c6abff9e4d648ce5912744eda1bce230b5baca8231f98b00a06e399f65651bb2ecb7e11631db33c65a399837e62a36381cbcaaaa869584e2bc304e13eeeb0abe4e5b017231e4286ac3a28a085a1730cb852a4eaf7534a807a2b4b8bb8c2c09ad036ee76c5397541658c7c1ee845a19a139f33fa565805925e1975060ac70498e5d48f78a5812d0479ee2018684c7e646dfa5180a8ec321981ed4ea04edb6314aa8da114f64e6b6ed65667234347a4e39820e4107db56a545356236bc38c573aaea0592023bbdd0c01f1c8df978d68e6cc39343774604d29651c5134830eea833a7c3db4d3adb2653a47a32224c16000fdea9a39d987ad1f46c571d908f0a8340b04da2547c6e841d8f3c1cd34c1a2ed38e051b404fa91559197eb087ed0498fc382343fe23abf4a563e085df8af11b805525600f48d31f1e74ac74845ad66964cc992e7abb6e7df4acab23710cf04211d709af209f1c1fd684d86ac449ef1a064e34695c228cb1e43c680222802df82dc082e8a36e2500634eadf3cfe759f22b46b89d334570ab3c263954b21e8718ae6b68e9693ecc9dda347c4265049ee6324e76c57441fea8e692f93076b33c71955271ab3b539c53084a911b97692404ee48a7154899bb612e2131654c7a70684f740d2ab036fa85c2e838383f2a72e850ec8cc0ac841c6e7391427a092a637c3278adaf83cac5508235019c567cfc6e70c50f1cb8bb1499fb59a4909c9762defad52a544b044367bc6803bb5311e0483b50032d89c13fb60efe74092a0680e0a8e7eb8a69e807c0d89d8ee7975a0a4c5cca15b0ca50f98ada3cd8ad232942d85fdad8edce9f3736748210a265b48f5a8e38e4e8b93a44524646041af62114951c52d92b99a58f4b43a32e3aa826bc8fc887c73674e29dc761e1bd76d1207292630da72306b8799b5547b7fe9ca328ca322c5afeebb441128b87236ed3242f9e2b552fb30fce51825c503161c4e695a59229598ef82840f0db95193be8f3949fd17bc26e2e2cad52de7b497084e4843d4e76e9d7e14d14996e97f6cfca4e5e208a63b09f7ab7e7daafbe80179b885aa290cda875db6c7b76c534ac0aa8f5b8d50ae539edd2a3916f46b09244dee180d38673e0a0927d054d50dcd512938a35a5b3b35bba8d58894a104923ceb58a4ce7b2b23b89e425e688a06df2186f4eede8c64ed8659e2d41563272362c46f410d196abad1a8848305c799accd5108b7623ca801d46b2451abb5738e5803e39fa502764bef912ff656b9f3639f96298a88b5edc118c460786907e74829036b8b875d2d33053cd5761eea074819c9d8b138a060d8778d0016db22ea123a3afcc527d0d764dd3b5b862142027d00a94e91556cbde1f0c36f1ea8dc339e6dab1ecac6726d9bc62921e0c9cf1cfc05414852eac9266695011295c7ad3526b4270bd94b6e9a212922e87d44f78790abe476f446354b60276d52a9c7218ad20a919e4f20934c645230464e79f3a231a7639c9354023c6aab6668f4c85581e86927600df95508813dda061902cca17215c72f0348441d591b0c314011eb40c90255b20e0d001358723274b78d021cb776d0c8fd46de19a61609245d5a1f71d55b95001fb2083b87527c4530204826bd1fc78a51bb39b2b6d9ec1f0aec48c824cccb69a863b9be08e6397f3e95c7f9b0528e5f45e1f2a0505dc2bf9a3073f981fa1af25c2fb3bf164963be2cfa370a9b87cb6c3fa3fb30bd55798f5abaa25c9c9db1f91b42160a4e3a0a040a2b88a6034b00c7903ce8016e276d6f2dac8f2c9d890a71203b8f675f4a6b6f40642c22bc9aed4dcdce6051a9c050091e1caa1ceb44c1f2748d149770b85536f0320dc06c777e7bd659b3a7f5aad0a195a69cc712ac7001f910ec4ff23955e7f4250a159269a0bf0f1a92514b1c751e752e4d16e117e4e852fafefb88b2eb58e28d7381a727e35d196a91c739ae900110206a0f29ff0013607ba9a31e4330c73a6cb1a2a9df1bd2ff00057652e6acd05261991875acd9a2e814590dea281842c06d91401e1861ce8b1a44fb318ce73519b2d417d909400a319ce79d38bb14a29745adcd9413f098ef6cd897882acc98008db9fbff008d3f645500b7b459a20e724f862b2e49b4cd6114d5875b6084155c7cc5659b2f8a414c4ac75155cf5eb4afe8aa41228844da94e4fa52b2921e56246727e14051d2475d3ed340ec1c888e3703d8b52ca33f7f0f653a0df71f5ae9e17fa9cd957c85db383b5689a21aa219d5cf9f8d5104c4a42b2b8ce46debd2a6bd8c0b1daa844798da90c80d8d0032b39d3a5c6b5f3e6281032575777979d0078ee69811cd03091c8c87ba7d94086239b5cc9f869a8900e464106810f98824e1100008e433b9f0aa4a849da156c0ce46de75ea4945f1e4ce756a542eac61914fe65201c64815e62e4947a674b8a7d96d2c11851a7518a75db38dbafe95dbc52f9b8dc65da39e6b8493467f15e79d44a3778dc3231561c88383401756bc7f8843b35c171d359271ee345898fbf18e2770bdd922c78ae4fcc9a973af4439d098fbccf3ab5c5c3ca41fda248f654ca6fa279b65bc0e627592160ae07b08f3a94e825a0b3dfdc95c911b7bc55e485191cb0245ab5c4ce1751c924ec3c054f6f47741d46d8accc93485f2c0a3606971def5f2ad14299cf97372d0b349be4ab7fd43f4aaa39fb2693be3b88abe67734e9089167392d2367c68114c2a91a817199b20e39566cb8f405171bf81c50504ec95b7c73f3a872a2923bf7753d7153995c0e8b7503666cfad1987022e0aa302c4efb669a76c1a696c3c4d3470c9d9b603210de631467ba0e2e8b2e1859ed4839d218818acf9bb2f17432c141e47d73591a102406c8007b28008b8c673eea45225b7404d033dab48272a075c50c2898619d9b23cb7a43052c114c3bc85b1c8f8516d74c1a4c4afadfb2b29085c018df9f5157c5e6466f12bac2d52e4c9ad9974e3181e39adf9278d1cf8e1c81dc43240744a323f61bf9f955466a4ad1328b8ba62cc2ac922395033c109dc0cd20219a00f03ca8025ab0d401d3dedc73f0a622009e7486316edf8f193fbc3e74c4fa2e58e268cf45077aa48ce2253ff006676e6a2bb1b5f0915f3116d9b3e35c26e686dcfdefecf600fc5b47df1cf49048cff00ddf0adff001b9309a23246e250dc8c4cc475dea79a38cda1c1dc501159164a90128e478db523104751408b28b8936419d358f15d8fe952e098b8fd1671dc452a831be73be9ebeea8c5a6434c14aee88598e00f1e546c491d925ed2d63883602ae71e78abe337caea85951971a5587b2b4399b1a58c9196c81e7413674b2aec37a600d9cb30a1015d4cd00cbb383e5525c41a9d9b039915258d460141b5633ecd20ad04071c96a0b48f139dc8da848a3c60120c72a59b5d0f827d8cc6aa10aaa81b63954db72b29c528d239c2c9ec1b7382deed856dcdda30c5d1605533c893589b51cd3e0a079d20204b2b805b0a7c06e280b0831fe227c795033b9c1d907b79d2b19c2c548c9001ebe145059dd581bb93e9fc290c52f886b19460e700e4fad5f1791197c189f072409cf21ddc9f7d6bf91d233fc7ed961388e481d5fbe3071eb8f2ac60da91b648a716515a945bb89a4c690c09cf2aed975a38a3dec37139639eef5c6fad7481d76e7b6f5304d2d95369bd08862876dc78551030f04770ad2404061b943d295d76313d054e08c114c0e30de981e208e7ce901ece79fbe800b6e3f1e3ff0030f9d027d16f2125971d4e2ad19c45df738c6dab1f1ae9837f1c90a5e484997b9cb9572b54689977f669c7df9ad988d3708577fde1b83f0a432af8942d6f79244c3041ebe15539393b624a84c54944a901dc1e78340897ec1a6322ae5791eb9a04165b99a645491c955e4280a2c2392392d14838910004679e2b2f191b70538d0543232ea4738f0cd6f67175d92d4e79b31a2c47976275721d68ec00cb70231a82ea3d05054558a8da996465dc03e752fb1c4e103472e62b2b766f4a83c1ba72eb53c9d8f1f41c29c562cd923c57a1a3615f64a3073ce948710acba70e072e753d1643840cc52af863e5fc2ba797d1cf855da2c179105b71581a23c40ea09fad21d1c2401b7ba8038a7f64b6fd3ce8044bbbe19f88a433d8c1d801e3401ec30dba74db34686297aa05bca0bfecf2daaf8fc91193c589f0bd9243a73922aff23d19e0f658b86ec88db183be738ac235923a257c59436f1acd3a46c4853cc8aee93a5670455ba09c4208ada54484b152993ab9e726a78e792b2e71e2e84f35641d5255b529208ea2802523b4ae19b19f2a008e32c3d6988238054a81eda005ca90681848379d31fbc3e7409f45b1eee1bcea919a07a815c1e7a811f5fa56b06f6befff00d1cba172b976079119abfc9e3719ff00a4e37688d9ccd6b7914b820c6e1bd706b90d4d57da4b0479e3b953dd75e607f3e3f1a64c9d2b29059c58e64fba96ccdc992fbba28d80a744f26c1bc6a47214026c4668828da8358cac8470338d5d29a563724827ddfa53c45cc81478f719a971fb2e33fa0f6f72623a5c654f5f0a16899ae5b2cb5a32893500be35556635ba2b6e6676d8060a3ad26fe8d62920d6d3c508c4d1960770c29222506fa038ab2cf18da4c2a8c9cfa5449d15156e91378cac6338c815cf92723a69a892b4c153938e555ca89c5ed0d85f23ed158db36d12d271b0c54ffa52fe1cd3a4e49e7b53ef41d326307bb9c9f0cd14fe81b5f61a250a3484dbc31cbdf4db6fb60a97482b161dec0dbde695a077d9d3b8f1cf8520238f0de802241e8bbf4a01921a88e60107140ad9e207563e9ca819e2a0ec54fb690815c2996dde3030da4e3ceaa2e9a6296d508d81ec217594156d59c11e42af99a9744e1549d877ba882919cfa9cd6518bb3593545342e525561cc576cd5c68e3c6ea499db976918163938a9e38d2a2b2bb60942f67cb7aaf64aaa39ca9927b9b003726803ceaf1b61d4a9f023145889839514c0e1de803b6c3facc7fe61f3a01f45acc144639f3ab465100c31863cfa0aa4e9d96fa064f794f4077cf85573733e57b3384685ae2260c5c66b066a997773c665bfb0b6b531aaf658d4e49c92074f650824f42cb2b0d8f3a662d1c32134c28197a0285a77c8c6691a450ddb479b5790630a403edab8113f224327a13e637abec968895d5b019343a0409a219dc62a71b1f30a91669a892e638a91a052e3ba461bcab3c44937d038ec56570175842323bb9cfa0fe229e25b9d7fc95feda0d46211f8808619039567c8ae2cac7a9073a4f3deb90ebb478614a6950072e9caabbed93493d07009f01f1a8a4696c969db3bfb2819c210ae0ee3feac53da26913470506011f21435f634d7a44c67c87c6968ad9d276ef3103d714581e42aa748191d36cfb29bd91a4e8993e47dfb54ba2acf13e27dd4003fca72cf927a72a044b2319009f4140ceef8dc81f1a00e3a0d3b93ed38a4142cd123820af7ba1c73a3625456dc4651f91ad38da64caeb426bf9857533957679fa5243644674d303d834088e30c33400dc7701904371968c723d57d2957b1009233136c7529e47c69a607398a604adff00b74f2340a5d16c57b5223d4064ee4f4f1354671ec52e34a36946d5bf3f1a6f468d02275003c6a48aa3a492983cf91a067558293d066909a3ad280773f1a625104d37be8b2f891d6cdd36a563a04c6818dd9ce22721c66371a5c7978fb2aa2c89abe895c46d6f2e93de43f94f88aa768516a482e89a2fc6121c8e62a76f609a7a2534e6499998004f874ad54b44b8fd1ccefdd0c4f3c0a1ceba27856d96fc3f8649764bbb008bcd8ec16a1bfb0b72d47a2d25bcb4e1a02da8579391761b7b29d25e66d0c691ffd9),
(2, 'Snack Shack', 'Tiger Circle', 'Malay', '9878998723', 'contact@snacks.com', NULL),
(3, 'Eye Of The Tiger', 'Tiger Circle', 'Continental', '6372876327', 'contact@eott.com', NULL),
(4, 'Polar Bear', 'Udupi Road', 'Dessert', '8987238273', 'contact@polar.com', NULL),
(5, 'Basil Cafe', 'End Point Road', 'Italian', '8987312347', 'contact@basil.com', NULL),
(6, 'China Valley', 'End Point Road', 'Chinese', '7839287438', 'contact@chinav.com', NULL),
(7, 'Teaze', 'End Point Road', 'Drinks', '8987382372', 'teaze@teaze.com', NULL),
(8, 'Attil', 'Udupi Road', 'Indian', '9892381827', 'contactus@attilrestaurant.com', NULL),
(9, 'Subway', 'KMC Food Court', 'American', '8987382987', 'contact@subway.in', NULL),
(10, 'Egg Factory', 'Tiger Circle', 'Continental', '9098990989', 'eggus@eggfactory.com', NULL),
(11, 'Dominos', 'Udupi Road', 'Fast Food', '8909839284', 'dominos@dominos.in', NULL);

-- --------------------------------------------------------

--
-- Stand-in structure for view `rest_deets`
--
DROP VIEW IF EXISTS `rest_deets`;
CREATE TABLE IF NOT EXISTS `rest_deets` (
);

-- --------------------------------------------------------

--
-- Table structure for table `user`
--

DROP TABLE IF EXISTS `user`;
CREATE TABLE IF NOT EXISTS `user` (
  `pat_id` varchar(20) NOT NULL,
  `password` varchar(40) NOT NULL,
  `pat_name` varchar(30) NOT NULL,
  `pat_mail` varchar(40) NOT NULL,
  `pat_phone` decimal(10,0) DEFAULT NULL,
  `pat_addr` varchar(100) DEFAULT NULL,
  `pat_bday` date DEFAULT NULL,
  PRIMARY KEY (`pat_id`)
) ENGINE=InnoDB DEFAULT CHARSET=latin1;

--
-- Dumping data for table `user`
--

INSERT INTO `user` (`pat_id`, `password`, `pat_name`, `pat_mail`, `pat_phone`, `pat_addr`, `pat_bday`) VALUES
('5656', 'ae5eb824ef87499f644c3f11a7176157', '565656', 'dgdfgdg@hh.com', '575868686', 'gfggfhf', '0356-03-04'),
('afasfa', 'a73cc6a4a07d19997ddce145783dffb9', '4343', 'fdsfsdfs@ggafa.com', '252525', 'fdsfsfs', '0034-03-04'),
('afw53', '793f0bfc9e993f6d178c7d1dc1a8de40', '3sddsfds', 'aagshd@gmai.com', '34355435', 'fdsgdsgsd', '0452-02-01'),
('aki69', '545d26918d43a640c4bed801fa7c86a4', 'Akhil Muraleedharan', 'akhilmuraleedharan@gmail.com', '9023093940', 'Hostel Block 14, Manipal Institute of Technology, Manipal, Karnataka - 576104', '1995-03-03'),
('asdasdasd', 'd58e3582afa99040e27b92b13c8f2280', 'fsdfsdfsdf', 'afsdfs@asdsf.com', '43536464', 'sdfsdfs', '0004-01-31'),
('fasfdsfs', 'a6278f9cca6c140b06902507b83f25ac', 'affsd', 'dsfdsfsfs@f.com', '4343545', 'fsdfdsfs', '0032-02-01'),
('jbjb', '69b7de8c25995eca397c788ccc7d4350', 'jbjbh', '5@hjjhb.o', '721673256', 'jbjb', '0828-06-06'),
('jv12652121', '74d90aafda34e6060f9e8433962d14fd', 'jhccb', 'jhb@k.c', '543543', 'jvjhvjhv', '0006-03-07'),
('kn', '22de6f9345a823198fd5a7c148d2a5de', 'knn', 'njnjN@kkm.knn', '891289127', 'cdsd', '0018-08-09'),
('mayank28', '0eff50f227627a348d0f5117b013fb4e', 'Mayank Sehgal', 'mayank@mail.com', '9019291234', 'Mayank''s Room', '1996-12-04'),
('priya22', '81dc9bdb52d04dc20036dbd8313ed055', 'Priyanjali Lee', 'priya@mail.com', '1265213512', 'shayna''s room', '2016-04-23'),
('priya25', 'a5c05b4975be4def68ef6db798f3e1f8', 'Priyanjali Goel', 'chotta@mail.com', '1032033456', 'Priya''s Room', '1996-06-25'),
('sfsfsdf', '5dfe651f7f42f348ff61384efeeb42da', 'dasdasdasdasd', 'dsfsdfs@gmail.com', '313', 'fsffdsf', '0032-02-12'),
('shay', '24b46ef387e616738bb0175e666d4158', 'Shayna Lee', 'shay@mail.com', '9901305991', 'MIT', '1995-04-15'),
('ujj', 'edd149df57f34cb252a76536602565ab', 'ujj', 'ujj@ujj.com', '91901229', 'ujj', '0003-12-04');

-- --------------------------------------------------------

--
-- Stand-in structure for view `user_deets`
--
DROP VIEW IF EXISTS `user_deets`;
CREATE TABLE IF NOT EXISTS `user_deets` (
`pat_id` varchar(20)
,`pat_name` varchar(30)
,`pat_mail` varchar(40)
,`pat_phone` decimal(10,0)
,`pat_addr` varchar(100)
,`pat_bday` date
);

-- --------------------------------------------------------

--
-- Structure for view `rest_deets`
--
DROP TABLE IF EXISTS `rest_deets`;

CREATE ALGORITHM=UNDEFINED DEFINER=`root`@`localhost` SQL SECURITY DEFINER VIEW `rest_deets`  AS  select `rest`.`res_id` AS `res_id`,`rest`.`name` AS `name`,`rest`.`location` AS `location`,`rest`.`cuisine` AS `cuisine`,`rest`.`avg_rat` AS `avg_rat`,`rest`.`ph_no` AS `ph_no`,`rest`.`mail` AS `mail` from `rest` ;

-- --------------------------------------------------------

--
-- Structure for view `user_deets`
--
DROP TABLE IF EXISTS `user_deets`;

CREATE ALGORITHM=UNDEFINED DEFINER=`root`@`localhost` SQL SECURITY DEFINER VIEW `user_deets`  AS  select `user`.`pat_id` AS `pat_id`,`user`.`pat_name` AS `pat_name`,`user`.`pat_mail` AS `pat_mail`,`user`.`pat_phone` AS `pat_phone`,`user`.`pat_addr` AS `pat_addr`,`user`.`pat_bday` AS `pat_bday` from `user` ;

--
-- Constraints for dumped tables
--

--
-- Constraints for table `delivery`
--
ALTER TABLE `delivery`
  ADD CONSTRAINT `fk5` FOREIGN KEY (`pat_id`) REFERENCES `user` (`pat_id`) ON DELETE CASCADE;

--
-- Constraints for table `rating`
--
ALTER TABLE `rating`
  ADD CONSTRAINT `fk1` FOREIGN KEY (`res_id`) REFERENCES `rest` (`res_id`) ON DELETE CASCADE,
  ADD CONSTRAINT `fk2` FOREIGN KEY (`pat_id`) REFERENCES `user` (`pat_id`) ON DELETE CASCADE;

/*!40101 SET CHARACTER_SET_CLIENT=@OLD_CHARACTER_SET_CLIENT */;
/*!40101 SET CHARACTER_SET_RESULTS=@OLD_CHARACTER_SET_RESULTS */;
/*!40101 SET COLLATION_CONNECTION=@OLD_COLLATION_CONNECTION */;
